ac,IPR002717,pencil,firebrick
ac,IPR013178,pencil,firebrick
ac,IPR013523,pencil,firebrick
ac,IPR016376,pencil,firebrick
ac,IPR016849,pencil,firebrick
ac,IPR017380,pencil,firebrick
ac,IPR019340,pencil,firebrick
ac,IPR019467,pencil,firebrick
ac,IPR022591,pencil,firebrick
ac,IPR031162,pencil,firebrick
ac,IPR037113,pencil,firebrick
ac,IPR037800,pencil,firebrick
ac,IPR048776,pencil,firebrick
ch,IPR006818,hammer,blue
ch,IPR013719,hammer,blue
ch,IPR015416,hammer,blue
ch,IPR017282,hammer,blue
ch,IPR019098,hammer,blue
ch,IPR026502,hammer,blue
ch,IPR027109,hammer,blue
ch,IPR033053,hammer,blue
ch,IPR036747,hammer,blue
ch,IPR040993,hammer,blue
ch,IPR044891,hammer,blue
ch,IPR046378,hammer,blue
ch,IPR046426,hammer,blue
ch,IPR048864,hammer,blue
deMT,IPR017366,eraser,darkgreen
deMT,IPR039994,eraser,darkgreen
deMT,IPR045109,eraser,darkgreen
DMT,IPR001025,dna,black
DMT,IPR001091,dna,black
DMT,IPR001525,dna,black
DMT,IPR002052,dna,black
DMT,IPR002941,dna,black
DMT,IPR003356,dna,black
DMT,IPR005379,dna,black
DMT,IPR008332,dna,black
DMT,IPR008468,dna,black
DMT,IPR012327,dna,black
DMT,IPR014329,dna,black
DMT,IPR014455,dna,black
DMT,IPR015270,dna,black
DMT,IPR017985,dna,black
DMT,IPR018117,dna,black
DMT,IPR021188,dna,black
DMT,IPR022702,dna,black
DMT,IPR022749,dna,black
DMT,IPR023135,dna,black
DMT,IPR030380,dna,black
DMT,IPR030488,dna,black
DMT,IPR031303,dna,black
DMT,IPR039321,dna,black
DMT,IPR040175,dna,black
DMT,IPR040552,dna,black
DMT,IPR040743,dna,black
DMT,IPR045177,dna,black
DMT,IPR017198,dna,black
H,IPR000119,circle,black
H,IPR000164,circle,black
H,IPR000558,circle,black
H,IPR001801,circle,black
H,IPR001951,circle,black
H,IPR002119,circle,black
H,IPR003958,circle,black
H,IPR004823,circle,black
H,IPR005818,circle,black
H,IPR005819,circle,black
H,IPR007125,circle,black
H,IPR009072,circle,black
H,IPR009970,circle,black
H,IPR019809,circle,black
H,IPR020816,circle,black
H,IPR021171,circle,black
H,IPR027444,circle,black
H,IPR027454,circle,black
H,IPR032454,circle,black
H,IPR032458,circle,black
H,IPR035188,circle,black
H,IPR035425,circle,black
H,IPR035796,circle,black
H,IPR037150,circle,black
H,IPR044597,circle,black
H,IPR010886,circle,black
HDAC,IPR000286,eraser,pink
HDAC,IPR003000,eraser,pink
HDAC,IPR003084,eraser,pink
HDAC,IPR007654,eraser,pink
HDAC,IPR013194,eraser,pink
HDAC,IPR013951,eraser,pink
HDAC,IPR017250,eraser,pink
HDAC,IPR017320,eraser,pink
HDAC,IPR017321,eraser,pink
HDAC,IPR017328,eraser,pink
HDAC,IPR023801,eraser,pink
HDAC,IPR024137,eraser,pink
HDAC,IPR024145,eraser,pink
HDAC,IPR024643,eraser,pink
HDAC,IPR025717,eraser,pink
HDAC,IPR025718,eraser,pink
HDAC,IPR026587,eraser,pink
HDAC,IPR026590,eraser,pink
HDAC,IPR026591,eraser,pink
HDAC,IPR028628,eraser,pink
HDAC,IPR029163,eraser,pink
HDAC,IPR031963,eraser,pink
HDAC,IPR037138,eraser,pink
HDAC,IPR044150,eraser,pink
HDAC,IPR046949,eraser,pink
m,IPR019361,pencil,lightblue
m,IPR024610,pencil,lightblue
m,IPR031444,pencil,lightblue
MT,IPR009207,pencil,darkorange
MT,IPR011381,pencil,darkorange
MT,IPR017111,pencil,darkorange
MT,IPR017155,pencil,darkorange
MT,IPR020989,pencil,darkorange
MT,IPR021162,pencil,darkorange
MT,IPR021169,pencil,darkorange
MT,IPR021654,pencil,darkorange
MT,IPR023780,pencil,darkorange
MT,IPR024636,pencil,darkorange
MT,IPR025776,pencil,darkorange
MT,IPR025778,pencil,darkorange
MT,IPR025780,pencil,darkorange
MT,IPR025783,pencil,darkorange
MT,IPR025787,pencil,darkorange
MT,IPR025788,pencil,darkorange
MT,IPR025789,pencil,darkorange
MT,IPR025794,pencil,darkorange
MT,IPR025796,pencil,darkorange
MT,IPR025805,pencil,darkorange
MT,IPR030445,pencil,darkorange
MT,IPR037353,pencil,darkorange
MT,IPR037841,pencil,darkorange
MT,IPR038035,pencil,darkorange
MT,IPR039977,pencil,darkorange
MT,IPR041291,pencil,darkorange
MT,IPR041292,pencil,darkorange
MT,IPR041938,pencil,darkorange
MT,IPR042294,pencil,darkorange
MT,IPR043550,pencil,darkorange
MT,IPR044237,pencil,darkorange
MT,IPR044238,pencil,darkorange
MT,IPR044570,pencil,darkorange
MT,IPR045318,pencil,darkorange
MT,IPR047219,pencil,darkorange
MT,IPR047232,pencil,darkorange
MT,IPR047426,pencil,darkorange
MT,IPR047451,pencil,darkorange
MT,IPR047453,pencil,darkorange
MT,IPR047456,pencil,darkorange
MT,IPR047458,pencil,darkorange
MT,IPR047461,pencil,darkorange
MT,IPR047527,pencil,darkorange
MT,IPR048414,pencil,darkorange
MT,IPR048669,pencil,darkorange
S,IPR027546,building,purple
S,IPR007673,building,purple
S,IPR009378,building,purple
S,IPR012371,building,purple
S,IPR022052,building,purple
s,IPR022816,building,purple
S,IPR024324,building,purple
S,IPR024741,building,purple
S,IPR025977,building,purple
S,IPR026971,building,purple
S,IPR027165,building,purple
S,IPR031719,building,purple
S,IPR031737,building,purple
S,IPR031739,building,purple
S,IPR032682,building,purple
S,IPR039662,building,purple
S,IPR047714,building,purple
S,IPR047720,building,purple
S,IPR047723,building,purple
S,IPR048610,building,purple
